"DESCRIPTION","DURATION IN MS","NAME","PARENT SUITE","START TIME","STATUS","STOP TIME","SUB SUITE","SUITE","TEST CLASS","TEST METHOD"
"Тест проверяет возврат track заказа в теле ответа на запрос с параметром цвета: [""BLACK""], [""GRAY""], [""BLACK"", ""GRAY""], [""""]","603","Возврат track заказа в сообщении об успешном заказе","tests","2026-06-10","passed","2026-06-10","TestOrderCreating","test_order_creating","",""
"Тест проверяет успешное создание заказа с параметрами цвета: [""BLACK""], [""GRAY""], [""BLACK"", ""GRAY""], [""""]","678","Успешное создание заказа с разными параметрами цвета","tests","2026-06-10","passed","2026-06-10","TestOrderCreating","test_order_creating","",""
"Тест проверяет возврат track заказа в теле ответа на запрос с параметром цвета: [""BLACK""], [""GRAY""], [""BLACK"", ""GRAY""], [""""]","668","Возврат track заказа в сообщении об успешном заказе","tests","2026-06-10","passed","2026-06-10","TestOrderCreating","test_order_creating","",""
"Тест проверяет возврат сообщения об ошибке при вводе невалидных данных в обязательные поля login и password","579","Возврат собщения об ошибке при вводе в обязательные поля невалидных данных","tests","2026-06-10","failed","2026-06-10","TestCourierLogin","test_courier_login","",""
"Тест проверяет возврат правильного сообщения об успешном создании курьера","1","Возврат правильного сообщения об успешном создании курьера","tests","2026-06-10","passed","2026-06-10","TestCourierCreating","test_courier_creating","",""
"Тест проверяет возврат сообщения об ошибке если обязательное поле login или password не заполнено","595","Возврат сообщения об ошибке при незаполненности обязательного поля","tests","2026-06-10","failed","2026-06-10","TestCourierCreating","test_courier_creating","",""
"Тест проверяет успешное создание заказа с параметрами цвета: [""BLACK""], [""GRAY""], [""BLACK"", ""GRAY""], [""""]","659","Успешное создание заказа с разными параметрами цвета","tests","2026-06-10","passed","2026-06-10","TestOrderCreating","test_order_creating","",""
"Тест проверяет возврат сообщения об ошибке если обязательное поле login или password не заполнено","615","Возврат сообщения об ошибке при незаполненности обязательного поля","tests","2026-06-10","failed","2026-06-10","TestCourierLogin","test_courier_login","",""
"Тест проверяет возврат id курьера в теле ответа на запрос","0","Возврат id курьера в сообщении об успешной авторизации","tests","2026-06-10","passed","2026-06-10","TestCourierLogin","test_courier_login","",""
"Тест проверяет невозможность создания курьера если обязательное поле login не заполнено","624","Неудачная попытка создания курьера при незаполненности обязательного поля","tests","2026-06-10","passed","2026-06-10","TestCourierCreating","test_courier_creating","",""
"Тест проверяет возврат сообщения об ошибке если обязательное поле login или password не заполнено","565","Возврат сообщения об ошибке при незаполненности обязательного поля","tests","2026-06-10","failed","2026-06-10","TestCourierCreating","test_courier_creating","",""
"Тест проверяет успешное создание заказа с параметрами цвета: [""BLACK""], [""GRAY""], [""BLACK"", ""GRAY""], [""""]","584","Успешное создание заказа с разными параметрами цвета","tests","2026-06-10","passed","2026-06-10","TestOrderCreating","test_order_creating","",""
"Тест проверяет возврат сообщения об ошибке если обязательное поле login или password не заполнено","10594","Возврат сообщения об ошибке при незаполненности обязательного поля","tests","2026-06-10","broken","2026-06-10","TestCourierLogin","test_courier_login","",""
"Тест проверяет успешное получение списка заказов без использования необязательных параметров","16636","Успешное получение списка заказов","tests","2026-06-10","passed","2026-06-10","TestGettingOrderList","test_getting_order_list","",""
"Тест проверяет невозможность авторизации при вводе невалидных данных в обязательные поля login и password","603","Неудачная попытка авторизации курьера при вводе в обязательные поля невалидных данных","tests","2026-06-10","passed","2026-06-10","TestCourierLogin","test_courier_login","",""
"Тест проверяет возврат track заказа в теле ответа на запрос с параметром цвета: [""BLACK""], [""GRAY""], [""BLACK"", ""GRAY""], [""""]","710","Возврат track заказа в сообщении об успешном заказе","tests","2026-06-10","passed","2026-06-10","TestOrderCreating","test_order_creating","",""
"Тест проверяет успешное создание заказа с параметрами цвета: [""BLACK""], [""GRAY""], [""BLACK"", ""GRAY""], [""""]","579","Успешное создание заказа с разными параметрами цвета","tests","2026-06-10","passed","2026-06-10","TestOrderCreating","test_order_creating","",""
"Тест проверяет успешное создание курьера используя валдиные генеративные данные при заполненности всех обязательных полей","1","Успешное создание курьера используя валидные генеративные данные","tests","2026-06-10","passed","2026-06-10","TestCourierCreating","test_courier_creating","",""
"Тест проверяет возврат правильного статус кода при неудачной попытке создания двух одинаковых курьеров","627","Неудачная попытка создания двух одинаковых курьеров","tests","2026-06-10","passed","2026-06-10","TestCourierCreating","test_courier_creating","",""
"Тест проверяет возврат track заказа в теле ответа на запрос с параметром цвета: [""BLACK""], [""GRAY""], [""BLACK"", ""GRAY""], [""""]","610","Возврат track заказа в сообщении об успешном заказе","tests","2026-06-10","passed","2026-06-10","TestOrderCreating","test_order_creating","",""
"Тест проверяет возврат правильного статус кода при успешном создании курьера","1","Возврат правильного статус кода при успешном создании курьера","tests","2026-06-10","passed","2026-06-10","TestCourierCreating","test_courier_creating","",""
"Тест проверяет возврат правильного статус кода при неудачной попытке создания двух одинаковых курьеров","680","Возврат сообщения об ошибке при попытке создания двух курьеров с одинаковыми логинами","tests","2026-06-10","failed","2026-06-10","TestCourierCreating","test_courier_creating","",""
"Тест проверяет успешную авторизацию курьера при заполненности всех обязательных полей","0","Успешное авторизация курьера","tests","2026-06-10","passed","2026-06-10","TestCourierLogin","test_courier_login","",""
